sweep,comparison,rmse_p00,rmse_coh
angle,new_vs_ed,0.1262555131467854,0.1530783001393451
angle,ordered_vs_ed,0.03905853889175846,0.03195280636225178
angle,raw_vs_ed,0.29026604539957274,0.15821710165622638
coupling,new_vs_ed,0.034516695799103776,0.12031375335660759
coupling,ordered_vs_ed,0.0098601398849012,0.024482961941966787
coupling,raw_vs_ed,0.023172734969584115,0.09382269377091476
temperature,new_vs_ed,0.07411049427244631,1.6904033789218757e-16
temperature,ordered_vs_ed,0.095903468498079,2.395124664434986e-16
temperature,raw_vs_ed,0.5837501720623005,2.9931037153386935e-17
